{
  "train_loss": [
    3.325632890065511,
    3.191391362084283,
    3.1179878976609974,
    3.052152978049384,
    2.9883470800187855,
    2.926155964533488,
    2.8596574200524225,
    2.793415731853909,
    2.729385084576077,
    2.660827053917779,
    2.597407235039605,
    2.5312491257985434,
    2.466845088534885,
    2.4046010176340737,
    2.3399854236178927,
    2.2800181441836886,
    2.2256776226891413,
    2.1562278270721436,
    2.0785659419165716,
    2.027519795629713,
    1.95915510919359,
    1.8922886583540175,
    1.8390737109714084,
    1.772489481502109,
    1.7061888774236043,
    1.652605864736769
  ],
  "train_acc": [
    0.21863799283154123,
    0.5268817204301075,
    0.6666666666666666,
    0.6810035842293907,
    0.7275985663082437,
    0.7813620071684588,
    0.8243727598566308,
    0.8673835125448028,
    0.9032258064516129,
    0.921146953405018,
    0.942652329749104,
    0.9354838709677419,
    0.967741935483871,
    0.9713261648745519,
    0.9713261648745519,
    0.978494623655914,
    0.992831541218638,
    0.989247311827957,
    0.996415770609319,
    0.989247311827957,
    1.0,
    1.0,
    1.0,
    0.992831541218638,
    1.0,
    1.0
  ],
  "val_loss": [
    3.3293533325195312,
    3.246429681777954,
    3.1675236225128174,
    3.0823798179626465,
    3.0356075763702393,
    3.0079591274261475,
    2.977675437927246,
    2.9181740283966064,
    2.845491409301758,
    2.824552059173584,
    2.750562906265259,
    2.737739324569702,
    2.6503546237945557,
    2.6076531410217285,
    2.6005077362060547,
    2.5598535537719727,
    2.460850715637207,
    2.483612298965454,
    2.413177490234375,
    2.36354660987854,
    2.3425803184509277,
    2.2779781818389893,
    2.2391340732574463,
    2.201037645339966,
    2.1256229877471924,
    2.099652051925659
  ],
  "val_acc": [
    0.16129032258064516,
    0.3225806451612903,
    0.3870967741935484,
    0.6774193548387096,
    0.6129032258064516,
    0.6451612903225806,
    0.5483870967741935,
    0.6774193548387096,
    0.6451612903225806,
    0.6774193548387096,
    0.6451612903225806,
    0.7741935483870968,
    0.7096774193548387,
    0.7741935483870968,
    0.7096774193548387,
    0.8064516129032258,
    0.7419354838709677,
    0.7096774193548387,
    0.8064516129032258,
    0.8064516129032258,
    0.7419354838709677,
    0.7741935483870968,
    0.8064516129032258,
    0.8064516129032258,
    0.8387096774193549,
    0.8387096774193549
  ],
  "eer": [
    0.0,
    0.18656169984400509,
    0.0,
    0.1816590033609394,
    0.0,
    0.10701340282609983,
    0.0,
    0.17765680215027352,
    0.0,
    0.18205922348200598,
    0.0,
    0.17550561899954065,
    0.0,
    0.160397309429277,
    0.0,
    0.09720800985996846,
    0.0,
    0.18188412717903935,
    0.0,
    0.18093360439150621,
    0.0,
    0.10986497118869926,
    0.0,
    0.10023467452553451,
    0.0,
    0.10035974331336782
  ],
  "time_sec": [
    11.308202981948853,
    14.224195003509521,
    14.519344329833984,
    16.07737970352173,
    14.579803943634033,
    13.5004141330719,
    13.11565113067627,
    13.254233598709106,
    16.83914041519165,
    16.33516550064087,
    14.022175550460815,
    15.234628915786743,
    14.461587905883789,
    17.437564611434937,
    15.192409038543701,
    20.63314652442932,
    13.533420324325562,
    13.761401653289795,
    13.107872486114502,
    4.895536184310913,
    13.47846007347107,
    13.105332374572754,
    4.132643938064575,
    13.485157489776611,
    13.240089178085327,
    12.67312479019165
  ]
}