{
  "train_loss": [
    3.3212992085350885,
    3.182256990008884,
    3.1102621290418835,
    3.0440831184387207,
    2.974210341771444,
    2.909534639782376,
    2.845313999387953,
    2.778256548775567,
    2.714944150712755,
    2.649945788913303,
    2.587465763092041,
    2.5285782549116345,
    2.4665429327223034,
    2.39760242568122,
    2.3387695683373346,
    2.2634754180908203,
    2.209615707397461,
    2.1394211451212564,
    2.063512298795912,
    2.0035574303732977,
    1.940378851360745,
    1.8758771684434679,
    1.816337400012546,
    1.7676337427563138,
    1.6981585290696886,
    1.6423010561201308,
    1.5803786913553874,
    1.521704978413052,
    1.456291463640001,
    1.3999891546037462,
    1.343584378560384,
    1.3090296453899808,
    1.2392341825697157,
    1.1880864302317302,
    1.1404246091842651,
    1.093753178914388,
    1.0587473842832777,
    1.016243855158488,
    0.9704648852348328,
    0.9267377985848321,
    0.8947194814682007,
    0.8517945872412788,
    0.8181813955307007,
    0.7860936853620741,
    0.7488552663061354,
    0.7092199193106757,
    0.6790621545579698,
    0.6524781253602769,
    0.6361495720015632,
    0.6045678655306498,
    0.5773992339769999,
    0.5507495403289795,
    0.5330339736408658,
    0.5083476669258542,
    0.4852958056661818,
    0.46984277500046623,
    0.45597977770699394,
    0.4351876245604621,
    0.4204036460982429,
    0.4039838645193312
  ],
  "train_acc": [
    0.1935483870967742,
    0.5734767025089605,
    0.6344086021505376,
    0.7204301075268817,
    0.7813620071684588,
    0.8207885304659498,
    0.8781362007168458,
    0.8745519713261649,
    0.921146953405018,
    0.9247311827956989,
    0.942652329749104,
    0.931899641577061,
    0.953405017921147,
    0.9713261648745519,
    0.9713261648745519,
    0.978494623655914,
    0.974910394265233,
    0.989247311827957,
    0.996415770609319,
    0.989247311827957,
    0.996415770609319,
    0.989247311827957,
    0.996415770609319,
    0.989247311827957,
    0.996415770609319,
    1.0,
    1.0,
    1.0,
    1.0,
    1.0,
    1.0,
    1.0,
    1.0,
    1.0,
    1.0,
    1.0,
    1.0,
    1.0,
    1.0,
    1.0,
    1.0,
    1.0,
    1.0,
    1.0,
    1.0,
    1.0,
    1.0,
    1.0,
    1.0,
    1.0,
    1.0,
    1.0,
    1.0,
    1.0,
    1.0,
    1.0,
    1.0,
    1.0,
    1.0,
    1.0
  ],
  "val_loss": [
    3.326453685760498,
    3.2508153915405273,
    3.1567654609680176,
    3.0925676822662354,
    3.0231635570526123,
    2.984130620956421,
    2.9632251262664795,
    2.9081523418426514,
    2.855586051940918,
    2.795234203338623,
    2.78322696685791,
    2.682236433029175,
    2.671403646469116,
    2.630836248397827,
    2.566171169281006,
    2.5538392066955566,
    2.4738192558288574,
    2.4348676204681396,
    2.4026896953582764,
    2.3703339099884033,
    2.3112757205963135,
    2.2687108516693115,
    2.2647957801818848,
    2.240939140319824,
    2.1634249687194824,
    2.124990463256836,
    2.096635341644287,
    2.0155584812164307,
    2.017444133758545,
    1.9742958545684814,
    1.9438858032226562,
    1.867634654045105,
    1.811729073524475,
    1.7883973121643066,
    1.7167901992797852,
    1.6722724437713623,
    1.6176609992980957,
    1.6319314241409302,
    1.571358561515808,
    1.577106237411499,
    1.5311914682388306,
    1.5047630071640015,
    1.6608911752700806,
    1.3816276788711548,
    1.4186283349990845,
    1.3358805179595947,
    1.2731413841247559,
    1.2797967195510864,
    1.2764719724655151,
    1.2914239168167114,
    1.260040044784546,
    1.1922736167907715,
    1.1877559423446655,
    1.1381412744522095,
    1.125914216041565,
    1.1061264276504517,
    1.110547661781311,
    1.0554935932159424,
    1.0989220142364502,
    1.0642435550689697
  ],
  "val_acc": [
    0.12903225806451613,
    0.3548387096774194,
    0.6129032258064516,
    0.6129032258064516,
    0.7741935483870968,
    0.7096774193548387,
    0.6451612903225806,
    0.7419354838709677,
    0.5806451612903226,
    0.7419354838709677,
    0.6774193548387096,
    0.8064516129032258,
    0.6774193548387096,
    0.7419354838709677,
    0.7419354838709677,
    0.6774193548387096,
    0.7419354838709677,
    0.8064516129032258,
    0.8064516129032258,
    0.7419354838709677,
    0.8709677419354839,
    0.8064516129032258,
    0.8064516129032258,
    0.7741935483870968,
    0.8709677419354839,
    0.7741935483870968,
    0.7741935483870968,
    0.8064516129032258,
    0.8709677419354839,
    0.7741935483870968,
    0.8709677419354839,
    0.8387096774193549,
    0.8387096774193549,
    0.8387096774193549,
    0.8387096774193549,
    0.8709677419354839,
    0.8387096774193549,
    0.8709677419354839,
    0.8709677419354839,
    0.8709677419354839,
    0.8709677419354839,
    0.8709677419354839,
    0.8064516129032258,
    0.9032258064516129,
    0.8387096774193549,
    0.8709677419354839,
    0.9032258064516129,
    0.8387096774193549,
    0.8709677419354839,
    0.8709677419354839,
    0.8387096774193549,
    0.8709677419354839,
    0.8709677419354839,
    0.8709677419354839,
    0.8709677419354839,
    0.8709677419354839,
    0.8709677419354839,
    0.8709677419354839,
    0.8709677419354839,
    0.8709677419354839
  ],
  "eer": [
    0.0,
    0.0,
    0.0,
    0.0,
    0.17425493112120755,
    0.0,
    0.0,
    0.0,
    0.0,
    0.10308624288813395,
    0.0,
    0.0,
    0.0,
    0.0,
    0.16630055621500914,
    0.0,
    0.0,
    0.0,
    0.0,
    0.18148390705797277,
    0.0,
    0.0,
    0.0,
    0.0,
    0.18163398960337274,
    0.0,
    0.0,
    0.0,
    0.0,
    0.11281659458156533,
    0.0,
    0.0,
    0.0,
    0.0,
    0.09080448792290308,
    0.0,
    0.0,
    0.0,
    0.0,
    0.09092955671073638,
    0.0,
    0.0,
    0.0,
    0.0,
    0.09090454295316971,
    0.0,
    0.0,
    0.0,
    0.0,
    0.09025418525643651,
    0.0,
    0.0,
    0.0,
    0.0,
    0.0906544053775031,
    0.0,
    0.0,
    0.0,
    0.0,
    0.09042928155940314
  ],
  "time_sec": [
    2.8130271434783936,
    2.362396717071533,
    2.4256415367126465,
    2.3819169998168945,
    2.7064385414123535,
    2.399914503097534,
    2.5417251586914062,
    2.6822726726531982,
    2.597391128540039,
    2.6392951011657715,
    2.4907588958740234,
    2.6244728565216064,
    2.649994134902954,
    2.3971893787384033,
    2.917945384979248,
    2.4677064418792725,
    2.4422543048858643,
    2.447502851486206,
    2.410386800765991,
    2.8353002071380615,
    2.482645273208618,
    2.414149522781372,
    2.414249897003174,
    2.523064374923706,
    2.785161018371582,
    2.313361883163452,
    2.4972100257873535,
    2.5057928562164307,
    2.4607231616973877,
    2.7880334854125977,
    2.5706946849823,
    2.211854934692383,
    2.510768175125122,
    2.3554317951202393,
    2.749610424041748,
    2.3729653358459473,
    2.439127206802368,
    2.339848518371582,
    2.4970834255218506,
    2.6280460357666016,
    2.3499486446380615,
    2.332273244857788,
    2.4710640907287598,
    2.41871976852417,
    2.658160924911499,
    2.346391439437866,
    2.417895793914795,
    2.3191375732421875,
    2.5222928524017334,
    2.730353593826294,
    2.4297266006469727,
    2.5177528858184814,
    2.520034074783325,
    2.3944895267486572,
    2.8369410037994385,
    2.398512363433838,
    2.3977434635162354,
    2.4734444618225098,
    2.4867136478424072,
    2.824695348739624
  ]
}