{
  "auc": 0.97221287,
  "eer": 0.08945000000000002,
  "threshold_eer": 0.379127859690147,
  "threshold_mindcf": 0.6689648621545214,
  "mindcf": 0.006725999999999999,
  "threshold_youden": 0.40385161643789574,
  "youden": 0.8235,
  "threshold": 0.40385161643789574,
  "p_target": 0.01,
  "c_miss": 1.0,
  "c_fa": 1.0,
  "augment": false,
  "method": "none"
}