{
  "auc": 0.98143879,
  "eer": 0.06855,
  "threshold_eer": 0.32857990232034584,
  "threshold_mindcf": 0.6041396614315439,
  "mindcf": 0.006036,
  "threshold_youden": 0.3077118989728362,
  "youden": 0.8659,
  "threshold": 0.3077118989728362,
  "p_target": 0.01,
  "c_miss": 1.0,
  "c_fa": 1.0,
  "augment": false,
  "method": "none"
}