{
  "auc": 0.99250164,
  "eer": 0.04554999999999998,
  "threshold_eer": 0.4555198550224304,
  "threshold_mindcf": 0.7384661436080933,
  "mindcf": 0.004537,
  "threshold_youden": 0.4373611509799957,
  "youden": 0.9171,
  "threshold": 0.4373611509799957,
  "p_target": 0.01,
  "c_miss": 1.0,
  "c_fa": 1.0,
  "augment": false,
  "method": "snorm",
  "score_norm": {
    "method": "snorm",
    "cohort_size": 100,
    "cohort_speakers": 20,
    "cohort_utts_per_spk": 5
  }
}