{
  "bins": [
    0.0,
    0.1,
    0.2,
    0.30000000000000004,
    0.4,
    0.5,
    0.6000000000000001,
    0.7000000000000001,
    0.8,
    0.9,
    1.0
  ],
  "accuracy": [
    0.0,
    0.0,
    0.0,
    0.0,
    0.0,
    0.0016168148746968471,
    0.03669319186560566,
    0.17746559633027523,
    0.5739633918565559,
    0.9408829755065014
  ],
  "confidence": [
    0.05289987861048345,
    0.16418388579565657,
    0.2539598326999142,
    0.35811704102046776,
    0.45576886384189186,
    0.5555536428114424,
    0.6547718249997241,
    0.7528810922148113,
    0.8530993933979665,
    0.9430484733672226
  ],
  "count": [
    12,
    45,
    114,
    252,
    622,
    1237,
    2262,
    3488,
    5354,
    6614
  ],
  "ece": 0.30049439755173246
}