{
  "bins": [
    0.0,
    0.1,
    0.2,
    0.30000000000000004,
    0.4,
    0.5,
    0.6000000000000001,
    0.7000000000000001,
    0.8,
    0.9,
    1.0
  ],
  "accuracy": [
    0.0,
    0.0,
    0.0,
    0.006595017098192477,
    0.07312826465467208,
    0.14285714285714285,
    0.6294416243654822,
    0.8571428571428571,
    0.9982905982905983,
    1.0
  ],
  "confidence": [
    0.06323823763918758,
    0.17250755570120158,
    0.25767144129450115,
    0.34479487181077195,
    0.4407822995218567,
    0.5386056463738814,
    0.6325314885833588,
    0.7575363409132583,
    0.8568778857278955,
    0.979227134777146
  ],
  "count": [
    38,
    598,
    3224,
    4094,
    1723,
    441,
    197,
    168,
    585,
    8932
  ],
  "ece": 0.17072453811953142
}