{
  "auc": 0.92894062,
  "eer": 0.15485000000000002,
  "threshold_eer": 0.8332421572509308,
  "threshold_mindcf": 0.9642913310595278,
  "mindcf": 0.009062,
  "threshold_youden": 0.8326498758006292,
  "youden": 0.694,
  "threshold": 0.8326498758006292,
  "p_target": 0.01,
  "c_miss": 1.0,
  "c_fa": 1.0
}