{
  "bins": [
    -0.03519558367759584,
    -0.0007976718714409539,
    0.033600239934713935,
    0.06799815174086882,
    0.10239606354702371,
    0.1367939753531786,
    0.17119188715933348,
    0.20558979896548837,
    0.23998771077164327,
    0.27438562257779814,
    0.30878353438395306,
    0.34318144619010793,
    0.3775793579962628,
    0.4119772698024177,
    0.4463751816085726,
    0.48077309341472746,
    0.5151710052208824,
    0.5495689170270373,
    0.5839668288331921,
    0.6183647406393471,
    0.6527626524455019,
    0.6871605642516567,
    0.7215584760578118,
    0.7559563878639666,
    0.7903542996701214,
    0.8247522114762764,
    0.8591501232824312,
    0.8935480350885863,
    0.9279459468947411,
    0.9623438587008959,
    0.9967417705070507
  ],
  "same": [
    0,
    0,
    0,
    0,
    0,
    0,
    0,
    0,
    0,
    0,
    0,
    0,
    0,
    0,
    0,
    0,
    0,
    2,
    22,
    20,
    41,
    116,
    146,
    357,
    675,
    946,
    1452,
    2262,
    2590,
    1371
  ],
  "diff": [
    5,
    1,
    6,
    7,
    13,
    25,
    33,
    35,
    46,
    55,
    92,
    105,
    163,
    204,
    255,
    311,
    413,
    511,
    599,
    734,
    846,
    979,
    902,
    988,
    931,
    780,
    570,
    289,
    96,
    6
  ]
}