{
  "bins": [
    -0.48892784069759554,
    -0.4396305715813963,
    -0.3903333024651971,
    -0.3410360333489979,
    -0.29173876423279865,
    -0.24244149511659943,
    -0.1931442260004002,
    -0.14384695688420102,
    -0.09454968776800177,
    -0.04525241865180252,
    0.0040448504643966765,
    0.05334211958059587,
    0.10263938869679512,
    0.15193665781299437,
    0.2012339269291935,
    0.25053119604539276,
    0.299828465161592,
    0.34912573427779126,
    0.3984230033939905,
    0.44772027251018964,
    0.4970175416263889,
    0.546314810742588,
    0.5956120798587873,
    0.6449093489749865,
    0.6942066180911858,
    0.743503887207385,
    0.7928011563235843,
    0.8420984254397835,
    0.8913956945559826,
    0.9406929636721818,
    0.9899902327883812
  ],
  "same": [
    0,
    0,
    0,
    0,
    0,
    0,
    0,
    0,
    0,
    0,
    19,
    8,
    42,
    57,
    27,
    18,
    28,
    17,
    93,
    26,
    5,
    19,
    50,
    75,
    89,
    287,
    208,
    239,
    1103,
    7590
  ],
  "diff": [
    6,
    14,
    18,
    51,
    143,
    404,
    764,
    1020,
    1440,
    1620,
    1392,
    1055,
    768,
    497,
    332,
    194,
    125,
    59,
    35,
    24,
    14,
    17,
    6,
    1,
    1,
    0,
    0,
    0,
    0,
    0
  ]
}