{
  "bins": [
    0.0,
    0.1,
    0.2,
    0.30000000000000004,
    0.4,
    0.5,
    0.6000000000000001,
    0.7000000000000001,
    0.8,
    0.9,
    1.0
  ],
  "accuracy": [
    0.0,
    0.0,
    0.0,
    0.0,
    0.0,
    0.004145077720207254,
    0.09621993127147767,
    0.6168300653594772,
    0.9535479151426481,
    0.997398622800306
  ],
  "confidence": [
    0.07167874669572902,
    0.16313333241970762,
    0.2592342780625987,
    0.35198293413503456,
    0.4481408056572918,
    0.5462344430102175,
    0.6442378417480505,
    0.7521406119554139,
    0.8611399907940452,
    0.9439415063043551
  ],
  "count": [
    26,
    354,
    1249,
    2358,
    2426,
    1930,
    1164,
    1224,
    2734,
    6535
  ],
  "ece": 0.23761463834569244
}