{
  "bins": [
    0.0,
    0.1,
    0.2,
    0.30000000000000004,
    0.4,
    0.5,
    0.6000000000000001,
    0.7000000000000001,
    0.8,
    0.9,
    1.0
  ],
  "accuracy": [
    0.0,
    0.003179650238473768,
    0.008675078864353312,
    0.041172800998128506,
    0.04987146529562982,
    0.1735030645921735,
    0.4052044609665427,
    0.6925972396486826,
    0.9021901443504231,
    0.9836187639612807
  ],
  "confidence": [
    0.06752406391055207,
    0.15900898756600382,
    0.2542182223019012,
    0.352793737644484,
    0.4514634580184306,
    0.5514432572275578,
    0.6544004664462344,
    0.7508566282153477,
    0.848297591579768,
    0.9419768431427701
  ],
  "count": [
    121,
    629,
    1268,
    1603,
    1945,
    2121,
    2421,
    3188,
    4018,
    2686
  ],
  "ece": 0.18085983215142415
}