{
  "auc": 0.9948219599999999,
  "eer": 0.03759999999999998,
  "threshold_eer": 0.5649396512187443,
  "threshold_mindcf": 0.7746834478598752,
  "mindcf": 0.004693,
  "threshold_youden": 0.5477540814020808,
  "youden": 0.9325,
  "threshold": 0.5477540814020808,
  "p_target": 0.01,
  "c_miss": 1.0,
  "c_fa": 1.0
}