{
  "auc": 0.87986031,
  "eer": 0.2066,
  "threshold": 0.6563069012937486
}