{
  "auc": 0.93105013,
  "eer": 0.14885,
  "threshold": 0.44088920554472877
}