{
  "auc": 0.93105013,
  "eer": 0.14885,
  "threshold_eer": 0.44088920554472877,
  "threshold_mindcf": 0.8821521392583812,
  "mindcf": 0.009340000000000001,
  "threshold_youden": 0.3843405471976032,
  "youden": 0.7146,
  "threshold": 0.3843405471976032,
  "p_target": 0.01,
  "c_miss": 1.0,
  "c_fa": 1.0
}