{
  "auc": 0.9755028099999999,
  "eer": 0.08070000000000001,
  "threshold_eer": 0.35490018129348755,
  "threshold_mindcf": 0.6415032744407654,
  "mindcf": 0.006802,
  "threshold_youden": 0.3409263789653778,
  "youden": 0.8426,
  "threshold": 0.3409263789653778,
  "p_target": 0.01,
  "c_miss": 1.0,
  "c_fa": 1.0,
  "augment": false,
  "method": "snorm",
  "score_norm": {
    "method": "snorm",
    "cohort_size": 100,
    "cohort_speakers": 20,
    "cohort_utts_per_spk": 5
  }
}