{
  "auc": 0.9282165400000001,
  "eer": 0.14559999999999998,
  "threshold_eer": 0.7245212786105006,
  "threshold_mindcf": 0.9829595675175592,
  "mindcf": 0.009817000000000001,
  "threshold_youden": 0.7250615678854196,
  "youden": 0.7095,
  "threshold": 0.7250615678854196,
  "p_target": 0.01,
  "c_miss": 1.0,
  "c_fa": 1.0,
  "augment": false
}