{
  "auc": 0.9963129399999999,
  "eer": 0.030349999999999995,
  "threshold_eer": 0.5760558241805664,
  "threshold_mindcf": 0.8017553083031641,
  "mindcf": 0.0039900000000000005,
  "threshold_youden": 0.5187935250331842,
  "youden": 0.9429000000000001,
  "threshold": 0.5187935250331842,
  "p_target": 0.01,
  "c_miss": 1.0,
  "c_fa": 1.0,
  "augment": false,
  "method": "none"
}