{
  "auc": 0.99741136,
  "eer": 0.019750000000000014,
  "threshold_eer": 0.33428790144202003,
  "threshold_mindcf": 0.704379242215259,
  "mindcf": 0.0004920000000000002,
  "threshold_youden": 0.4002569909861565,
  "youden": 0.9688,
  "threshold": 0.4002569909861565,
  "p_target": 0.01,
  "c_miss": 1.0,
  "c_fa": 1.0,
  "augment": false,
  "method": "none"
}