{
  "auc": 0.97877796,
  "eer": 0.07004999999999997,
  "threshold_eer": 0.3907262980937958,
  "threshold_mindcf": 0.6995512843132019,
  "mindcf": 0.006784000000000001,
  "threshold_youden": 0.40290576219558716,
  "youden": 0.8624,
  "threshold": 0.40290576219558716,
  "p_target": 0.01,
  "c_miss": 1.0,
  "c_fa": 1.0,
  "augment": false,
  "method": "znorm",
  "score_norm": {
    "method": "znorm",
    "cohort_size": 100,
    "cohort_speakers": 20,
    "cohort_utts_per_spk": 5
  }
}