{
  "bins": [
    -0.6334081067312528,
    -0.5794361632609275,
    -0.5254642197906021,
    -0.4714922763202768,
    -0.41752033284995144,
    -0.3635483893796261,
    -0.3095764459093008,
    -0.2556045024389754,
    -0.20163255896865007,
    -0.1476606154983247,
    -0.09368867202799935,
    -0.03971672855767405,
    0.014255214912651248,
    0.06822715838297666,
    0.12219910185330196,
    0.17617104532362737,
    0.23014298879395267,
    0.284114932264278,
    0.3380868757346034,
    0.3920588192049287,
    0.4460307626752541,
    0.5000027061455793,
    0.5539746496159047,
    0.6079465930862301,
    0.6619185365565553,
    0.7158904800268807,
    0.7698624234972061,
    0.8238343669675315,
    0.8778063104378567,
    0.9317782539081821,
    0.9857501973785076
  ],
  "same": [
    0,
    0,
    0,
    0,
    0,
    0,
    0,
    0,
    0,
    0,
    0,
    0,
    0,
    0,
    0,
    0,
    0,
    8,
    45,
    43,
    24,
    157,
    278,
    320,
    498,
    748,
    1361,
    2305,
    3025,
    1188
  ],
  "diff": [
    3,
    5,
    18,
    66,
    104,
    184,
    265,
    404,
    580,
    696,
    829,
    833,
    870,
    795,
    761,
    743,
    647,
    532,
    429,
    353,
    270,
    203,
    150,
    116,
    72,
    44,
    11,
    15,
    1,
    1
  ]
}