{
  "bins": [
    -0.8058411470937865,
    -0.7461282284966194,
    -0.6864153098994523,
    -0.6267023913022852,
    -0.5669894727051181,
    -0.507276554107951,
    -0.44756363551078393,
    -0.38785071691361683,
    -0.32813779831644974,
    -0.26842487971928264,
    -0.20871196112211554,
    -0.14899904252494844,
    -0.08928612392778135,
    -0.02957320533061425,
    0.030139713266552848,
    0.08985263186371995,
    0.14956555046088704,
    0.20927846905805403,
    0.26899138765522124,
    0.32870430625238845,
    0.38841722484955543,
    0.4481301434467224,
    0.5078430620438896,
    0.5675559806410568,
    0.6272688992382238,
    0.6869818178353908,
    0.746694736432558,
    0.8064076550297252,
    0.8661205736268922,
    0.9258334922240592,
    0.9855464108212264
  ],
  "same": [
    0,
    0,
    0,
    0,
    0,
    2,
    0,
    0,
    11,
    7,
    15,
    44,
    17,
    36,
    44,
    76,
    93,
    199,
    170,
    309,
    502,
    636,
    734,
    838,
    1174,
    1389,
    1062,
    1154,
    871,
    617
  ],
  "diff": [
    17,
    29,
    75,
    136,
    207,
    284,
    355,
    414,
    488,
    467,
    507,
    563,
    584,
    620,
    644,
    617,
    580,
    556,
    519,
    457,
    464,
    415,
    305,
    260,
    188,
    108,
    97,
    33,
    10,
    1
  ]
}