{
  "bins": [
    0.0,
    0.1,
    0.2,
    0.30000000000000004,
    0.4,
    0.5,
    0.6000000000000001,
    0.7000000000000001,
    0.8,
    0.9,
    1.0
  ],
  "accuracy": [
    0.0,
    0.0,
    0.0,
    0.0029016090741229225,
    0.058713010803193987,
    0.12290502793296089,
    0.3630952380952381,
    0.9325396825396826,
    0.9660194174757282,
    1.0
  ],
  "confidence": [
    0.07525672576647503,
    0.1697403877007114,
    0.25854551168471634,
    0.3467142444479376,
    0.44319471562509916,
    0.5380998156533456,
    0.6362839100889288,
    0.7635250282292422,
    0.8502102076145494,
    0.971541189619787
  ],
  "count": [
    54,
    552,
    2837,
    3791,
    2129,
    716,
    168,
    252,
    618,
    8883
  ],
  "ece": 0.18316729931051487
}