{
  "bins": [
    0.0,
    0.1,
    0.2,
    0.30000000000000004,
    0.4,
    0.5,
    0.6000000000000001,
    0.7000000000000001,
    0.8,
    0.9,
    1.0
  ],
  "accuracy": [
    0.0,
    0.0,
    0.0,
    0.0,
    0.0,
    0.0012113870381586917,
    0.0645575032064985,
    0.23975672215108834,
    0.6620423892100192,
    0.9304847986852917
  ],
  "confidence": [
    0.0608002545304664,
    0.16491750265086197,
    0.25693242736601646,
    0.35500153782114796,
    0.45442525736901684,
    0.5541648326745832,
    0.6521434522996804,
    0.7521603127803862,
    0.8564085643532794,
    0.942777131544111
  ],
  "count": [
    6,
    45,
    204,
    490,
    866,
    1651,
    2339,
    3124,
    5190,
    6085
  ],
  "ece": 0.27996405579915606
}