{
  "auc": 0.99748175,
  "eer": 0.021100000000000008,
  "threshold_eer": 0.3628704760541034,
  "threshold_mindcf": 0.8021863094891039,
  "mindcf": 0.0009719999999999996,
  "threshold_youden": 0.5623075956443574,
  "youden": 0.9678,
  "threshold": 0.5623075956443574,
  "p_target": 0.01,
  "c_miss": 1.0,
  "c_fa": 1.0
}