{
  "bins": [
    -0.6391488307283438,
    -0.5846592758301765,
    -0.5301697209320092,
    -0.4756801660338419,
    -0.4211906111356746,
    -0.3667010562375073,
    -0.31221150133934,
    -0.2577219464411727,
    -0.20323239154300538,
    -0.14874283664483806,
    -0.0942532817466708,
    -0.03976372684850349,
    0.014725828049663825,
    0.06921538294783114,
    0.12370493784599845,
    0.17819449274416577,
    0.23268404764233308,
    0.2871736025405004,
    0.3416631574386677,
    0.396152712336835,
    0.4506422672350022,
    0.5051318221331697,
    0.5596213770313369,
    0.6141109319295043,
    0.6686004868276715,
    0.7230900417258389,
    0.7775795966240061,
    0.8320691515221735,
    0.8865587064203407,
    0.9410482613185082,
    0.9955378162166753
  ],
  "same": [
    0,
    0,
    0,
    0,
    0,
    0,
    0,
    0,
    0,
    0,
    0,
    0,
    0,
    0,
    0,
    0,
    0,
    2,
    15,
    35,
    101,
    125,
    261,
    363,
    554,
    1169,
    1713,
    2098,
    2363,
    1201
  ],
  "diff": [
    2,
    0,
    4,
    8,
    9,
    28,
    52,
    65,
    87,
    134,
    150,
    206,
    241,
    282,
    343,
    464,
    537,
    648,
    680,
    765,
    743,
    827,
    772,
    776,
    699,
    622,
    433,
    283,
    122,
    18
  ]
}