{
  "bins": [
    -0.48940616797143977,
    -0.4401663656601449,
    -0.39092656334885,
    -0.3416867610375552,
    -0.2924469587262603,
    -0.24320715641496543,
    -0.1939673541036706,
    -0.14472755179237573,
    -0.09548774948108085,
    -0.046247947169785975,
    0.0029918551415089034,
    0.05223165745280378,
    0.10147145976409855,
    0.15071126207539343,
    0.1999510643866883,
    0.24919086669798318,
    0.29843066900927806,
    0.34767047132057294,
    0.3969102736318678,
    0.4461500759431627,
    0.49538987825445757,
    0.5446296805657523,
    0.5938694828770473,
    0.6431092851883421,
    0.6923490874996369,
    0.7415888898109319,
    0.7908286921222266,
    0.8400684944335216,
    0.8893082967448164,
    0.9385480990561114,
    0.9877879013674061
  ],
  "same": [
    0,
    0,
    0,
    0,
    0,
    0,
    0,
    0,
    0,
    0,
    0,
    11,
    20,
    30,
    75,
    44,
    30,
    14,
    52,
    3,
    6,
    28,
    80,
    127,
    182,
    204,
    211,
    372,
    2248,
    6263
  ],
  "diff": [
    4,
    11,
    39,
    44,
    169,
    339,
    606,
    979,
    1252,
    1391,
    1338,
    1051,
    889,
    651,
    464,
    318,
    207,
    103,
    51,
    37,
    19,
    3,
    11,
    3,
    5,
    13,
    3,
    0,
    0,
    0
  ]
}